land_cover_desc,land_cover_code,island_coverage,AGB_(Mg ha-1)_mean,AGB_(Mg ha-1)_SE,BGB_(Mg ha-1)_Mean,BGB_(Mg ha-1)_SE,Total_Ecosystem_(Mg ha-1)_Mean,Total_Ecosystem_(Mg ha-1)_SE,Uncertainty_percent
"Primary 
 Dryland 
 Forest",2001,"Bali Nusa Tenggara 
 ",280.45,11.69,81.33,3.39,361.78,12.17,6.60
"Primary 
 Dryland 
 Forest",2001,Java ,347.88,51.35,100.89,17.29,448.77,54.19,23.70
"Primary 
 Dryland 
 Forest",2001,Kalimantan,325.90,10.05,94.51,2.89,420.41,10.45,4.90
"Primary 
 Dryland 
 Forest",2001,Maluku,237.85,19.01,68.98,5.88,306.83,19.90,12.70
"Primary 
 Dryland 
 Forest",2001,Papua,268.57,9.12,77.88,2.63,346.45,9.49,5.40
"Primary 
 Dryland 
 Forest",2001,Sulawesi,248.28,7.44,72.00,2.14,320.28,7.74,4.70
"Primary 
 Dryland 
 Forest",2001,Sumatra,340.72,10.17,98.81,2.93,439.53,10.59,4.70
"Primary 
 Dryland 
 Forest",2001,Indonesia (Average),291.24,4.35,84.46,1.25,375.70,4.52,2.40
"Secondary 
 Dryland 
 Forest",2002,Bali Nusa Tenggara,138.73,7.09,40.23,2.11,178.96,7.40,8.10
"Secondary 
 Dryland 
 Forest",2002,Java,209.78,13.26,60.84,3.97,270.61,13.84,10.00
"Secondary 
 Dryland 
 Forest",2002,Kalimantan,222.91,4.48,64.64,1.32,287.55,4.67,3.20
"Secondary 
 Dryland 
 Forest",2002,Maluku,168.82,8.43,48.96,2.52,217.78,8.80,7.90
"Secondary 
 Dryland 
 Forest",2002,Papua,224.77,10.99,65.18,3.27,289.95,11.47,7.80
"Secondary 
 Dryland 
 Forest",2002,Sulawesi,166.12,5.46,48.17,1.62,214.29,5.69,5.20
"Secondary 
 Dryland 
 Forest",2002,Sumatra,221.45,6.20,64.22,1.84,285.67,6.47,4.40
"Secondary 
 Dryland 
 Forest",2002,Indonesia (Average),204.10,2.72,59.19,0.80,263.29,2.84,2.10
"Primary 
 Swamp 
 Forest",2005,"Bali Nusa Tenggara* 
",248.80,12.92,54.74,3.20,303.53,13.31,8.60
"Primary 
 Swamp 
 Forest",2005," Java*
",248.80,12.92,54.74,3.20,303.53,13.31,8.60
"Primary 
 Swamp 
 Forest",2005,Kalimantan,285.09,24.16,62.72,7.10,347.81,25.18,14.20
"Primary 
 Swamp 
 Forest",2005,Maluku*,248.80,12.92,54.74,3.20,303.53,13.31,8.60
"Primary 
 Swamp 
 Forest",2005,Papua,222.87,14.04,49.03,3.49,271.90,14.46,10.40
"Primary 
 Swamp 
 Forest",2005,Sulawesi*,248.80,12.92,54.74,3.20,303.53,13.31,8.60
"Primary 
 Swamp 
 Forest",2005,Sumatra,355.63,36.23,78.24,9.68,433.87,37.50,16.90
"Primary 
 Swamp 
 Forest",2005,Indonesia (Average),248.80,12.92,54.74,3.20,303.53,13.31,8.60
"Secondary 
 Swamp 
 Forest",20051,Bali Nusa Tenggara* ,204.61,4.98,45.01,1.23,249.62,5.13,4.00
"Secondary 
 Swamp 
 Forest",20051," Java*
",204.61,4.98,45.01,1.23,249.62,5.13,4.00
"Secondary 
 Swamp 
 Forest",20051,Kalimantan,215.71,7.38,47.46,1.83,263.17,7.60,5.70
"Secondary 
 Swamp 
 Forest",20051,Maluku*,204.61,4.98,45.01,1.23,249.62,5.13,4.00
"Secondary 
 Swamp 
 Forest",20051,Papua,139.88,13.90,30.77,3.55,170.65,14.35,16.50
"Secondary 
 Swamp 
 Forest",20051,Sulawesi*,204.61,4.98,45.01,1.23,249.62,5.13,4.00
"Secondary 
 Swamp 
 Forest",20051,Sumatra,207.06,7.36,45.55,1.83,252.61,7.58,5.90
"Secondary 
 Swamp 
 Forest",20051,Indonesia (Average),204.61,4.98,45.01,1.23,249.62,5.13,4.00
"Primary 
 Mangrove Forest",2004,"Bali Nusa Tenggara*
",236.17,15.26,73.45,4.66,309.62,15.96,10.10
"Primary 
 Mangrove Forest",2004," Java* 
",236.17,15.26,73.45,4.66,309.62,15.96,10.10
"Primary 
 Mangrove Forest",2004, Kalimantan,247.98,14.39,77.12,4.43,325.10,15.05,9.10
"Primary 
 Mangrove Forest",2004,Maluku*,236.17,15.26,73.45,4.66,309.62,15.96,10.10
"Primary 
 Mangrove Forest",2004,Papua,240.64,28.00,74.84,8.57,315.48,29.28,18.20
"Primary 
 Mangrove Forest",2004,Sulawesi* ,236.17,15.26,73.45,4.66,309.62,15.96,10.10
"Primary 
 Mangrove Forest",2004,Sumatra* ,236.17,15.26,73.45,4.66,309.62,15.96,10.10
"Primary 
 Mangrove Forest",2004,Indonesia (Average),236.17,15.26,73.45,4.66,309.62,15.96,10.10
"Secondary 
 Mangrove 
 Forest",20041,Bali Nusa Tenggara* ,118.02,15.72,13.57,1.78,131.59,15.82,23.60
"Secondary 
 Mangrove 
 Forest",20041,Java*,118.02,15.72,13.57,1.78,131.59,15.82,23.60
"Secondary 
 Mangrove 
 Forest",20041,Kalimantan,155.74,19.21,17.91,2.32,173.66,19.35,21.80
"Secondary 
 Mangrove 
 Forest",20041,Maluku*,118.02,15.72,13.57,1.78,131.59,15.82,23.60
"Secondary 
 Mangrove 
 Forest",20041,Papua,150.13,12.80,17.26,1.46,167.39,12.88,15.10
"Secondary 
 Mangrove 
 Forest",20041,Sulawesi*,118.02,15.72,13.57,1.78,131.59,15.82,23.60
"Secondary 
 Mangrove 
 Forest",20041,Sumatra*,118.02,15.72,13.57,1.78,131.59,15.82,23.60
"Secondary 
 Mangrove 
 Forest",20041,Indonesia (Average),118.02,15.72,13.57,1.78,131.59,15.82,23.60
Plantation forest,2006,Indonesia (Average),75.78,7.52,24.63,2.44,100.40,7.91,15.44
Dry shrub,2007,Indonesia (Average),60.39,7.22,14.25,1.70,74.64,7.42,19.48
Estate crop,2010,Indonesia (Average),48.10,6.90,15.63,2.24,63.74,7.25,22.30
Settlement,2012,Indonesia (Average),2.17,1.17,0.63,0.34,2.80,1.21,85.18
Bare ground,2014,Indonesia (Average),2.40,1.36,0.57,0.32,2.97,1.39,92.17
Savanna and Grasses,3000,Indonesia (Average),4.06,1.94,0.96,0.46,5.02,2.00,77.88
Open water,5001,Indonesia (Average),0.00,0.00,0.00,0.00,0.00,0.00,0.00
Wet shrub ,20071,Indonesia (Average),19.34,3.97,4.56,0.94,23.91,4.08,33.42
Pure dry agriculture,20091,Indonesia (Average),14.08,7.70,2.82,1.54,16.89,7.85,91.10
Mixed dry agriculture,20092,Indonesia (Average),64.64,2.30,12.93,0.46,77.56,2.35,5.93
Paddy field,20093,Indonesia (Average),10.00,3.88,2.36,0.92,12.36,3.99,63.27
Fish pond/aquaculture,20094,Indonesia (Average),0.00,0.00,0.00,0.00,0.00,0.00,0.00
Port and harbour,20121,Indonesia (Average),0.00,0.00,0.00,0.00,0.00,0.00,0.00
Transmigration areas,20122,Indonesia (Average),14.08,7.70,2.82,1.54,16.89,7.85,91.10
Mining areas,20141,Indonesia (Average),0.00,0.00,0.00,0.00,0.00,0.00,0.00
Open swamps,50011,Indonesia (Average),0.00,0.00,0.00,0.00,0.00,0.00,0.00